date,open,close,high,low,volume
2021-04-21,287.200,282.200,292.000,280.600,28467362.00
2021-04-22,288.400,292.000,292.600,283.800,27941527.00
2021-04-23,293.000,306.400,311.400,292.000,32455805.00
2021-04-26,310.000,305.000,321.600,303.400,30584797.00
2021-04-27,300.000,313.000,319.000,296.400,43285503.00
2021-04-28,309.800,309.400,311.600,306.200,12079410.00
2021-04-29,313.000,309.200,314.800,304.000,16583681.00
2021-04-30,304.000,298.000,305.000,297.200,15334320.00
2021-05-03,297.400,293.200,297.800,290.000,10072434.00
2021-05-04,293.200,291.800,295.600,290.600,9074489.00
2021-05-05,288.000,287.000,293.800,285.600,12284824.00
2021-05-06,285.400,285.800,293.600,280.000,19249251.00
2021-05-07,288.000,282.800,290.400,279.200,19379263.00
2021-05-10,280.000,262.800,280.000,255.000,73924579.00
2021-05-11,250.200,249.000,252.000,240.000,63727234.00
2021-05-12,251.000,255.200,262.600,251.000,32343072.00
2021-05-13,247.600,251.600,257.000,245.000,21199638.00
2021-05-14,245.200,244.000,251.000,242.200,28110988.00
2021-05-17,246.400,254.200,256.000,244.600,27285020.00
2021-05-18,255.800,260.000,261.800,255.800,17873111.00
2021-05-20,256.200,273.200,276.800,255.000,36907302.00
2021-05-21,280.000,275.200,280.800,267.200,20946889.00
2021-05-24,276.800,271.000,279.000,265.200,14192265.00
2021-05-25,270.000,276.600,278.200,265.800,14353423.00
2021-05-26,277.200,279.600,290.000,277.200,17575426.00
2021-05-27,279.600,271.800,279.600,265.200,29857723.00
2021-05-28,272.600,265.200,274.400,263.000,16971893.00
2021-05-31,276.200,294.000,294.800,271.600,44006174.00
2021-06-01,296.200,313.000,315.200,294.400,41772699.00
2021-06-02,312.000,311.800,313.400,304.000,24252954.00
2021-06-03,311.800,307.400,321.000,305.600,23234022.00
2021-06-04,297.800,302.200,311.000,297.800,40645528.00
2021-06-07,302.600,300.000,305.400,296.600,27170971.00
2021-06-08,300.000,297.000,303.600,293.000,13395646.00
2021-06-09,295.800,293.200,298.800,290.800,10810536.00
2021-06-10,295.200,298.000,305.200,291.200,14448149.00
2021-06-11,302.600,307.200,311.800,300.000,18599815.00
2021-06-15,307.000,302.400,311.000,299.000,13806094.00
2021-06-16,299.400,288.800,301.600,287.400,19770810.00
2021-06-17,285.000,290.000,294.200,283.400,12109734.00
2021-06-18,297.600,300.600,304.400,294.400,17708557.00
2021-06-21,296.800,301.800,303.200,292.800,12340521.00
2021-06-22,302.800,292.800,303.800,292.000,12894472.00
2021-06-23,295.800,308.000,309.400,292.600,19408354.00
2021-06-24,310.000,315.000,319.600,310.000,20689334.00
2021-06-25,317.000,330.000,333.000,315.400,31517759.00
2021-06-28,333.000,328.600,338.000,325.200,12324384.00
2021-06-29,329.600,323.800,331.800,322.000,15304408.00
2021-06-30,329.000,320.400,329.200,317.600,13672818.00
2021-07-02,318.200,304.000,318.600,300.400,23363439.00
2021-07-05,300.200,287.000,300.800,280.000,38091180.00
2021-07-06,287.000,289.800,292.800,277.000,19388472.00
2021-07-07,287.000,286.000,287.800,279.200,15809580.00
2021-07-08,281.800,267.600,283.800,265.800,43323881.00
2021-07-09,264.200,279.200,285.400,258.000,46931905.00
2021-07-12,287.000,285.200,291.400,281.800,22668759.00
2021-07-13,284.000,295.000,302.000,280.800,25187613.00
2021-07-14,293.000,290.000,294.800,281.600,24001923.00
2021-07-15,289.400,290.400,294.800,287.200,13427920.00
2021-07-16,287.600,290.800,295.600,284.200,12235819.00
2021-07-19,284.800,276.200,285.000,272.000,23214788.00
2021-07-20,272.400,275.200,279.800,271.600,14740972.00
2021-07-21,271.600,270.200,274.000,266.400,21252300.00
2021-07-22,273.800,279.800,281.800,272.400,17738480.00
2021-07-23,280.400,273.200,280.800,270.800,15386626.00
2021-07-26,259.200,235.600,265.000,232.400,82759612.00
2021-07-27,235.600,194.000,235.600,194.000,165740968.00
2021-07-28,196.800,208.600,217.600,190.400,127665813.00
2021-07-29,230.600,228.400,231.400,220.200,89287107.00
2021-07-30,219.000,215.000,220.600,204.600,49329194.00
2021-08-02,217.000,216.000,219.600,205.000,25875297.00
2021-08-03,218.600,211.600,218.600,199.800,30559039.00
2021-08-04,208.800,213.600,223.600,204.000,27873850.00
2021-08-05,213.600,211.200,220.000,208.400,17599873.00
2021-08-06,220.400,213.800,220.400,205.000,18318848.00
2021-08-09,212.000,220.400,230.800,209.800,30191591.00
2021-08-10,226.000,239.000,241.000,225.000,41723449.00
2021-08-11,236.000,237.200,243.000,232.600,24673817.00
2021-08-12,233.000,236.600,244.400,233.000,25626912.00
2021-08-13,232.000,233.400,238.800,230.600,16019697.00
2021-08-16,231.000,221.400,234.600,217.000,27143724.00
2021-08-17,217.600,213.600,224.000,211.000,22502996.00
2021-08-18,219.000,218.200,225.600,211.800,27194037.00
2021-08-19,217.400,202.600,222.600,200.000,36878005.00
2021-08-20,200.000,193.400,200.400,183.200,54748972.00
2021-08-23,200.000,195.400,203.600,190.000,32157538.00
2021-08-24,200.400,221.800,224.200,200.400,43795211.00
2021-08-25,231.800,227.000,235.800,223.400,41974276.00
2021-08-26,227.000,226.800,231.000,221.000,17311459.00
2021-08-27,226.800,225.000,234.400,224.000,21087902.00
2021-08-30,229.000,228.400,231.000,221.400,19898069.00
2021-08-31,236.200,249.000,249.000,223.600,77441090.00
2021-09-01,249.000,253.400,257.000,244.000,56121987.00
2021-09-02,263.400,253.600,267.600,250.000,43736792.00
2021-09-03,249.400,244.800,251.000,239.400,46118676.00
2021-09-06,239.000,247.400,249.400,238.800,23335163.00
2021-09-07,251.000,257.400,263.000,249.200,35642442.00
2021-09-08,261.600,261.000,267.800,256.400,27199752.00
2021-09-09,255.400,248.600,258.000,245.600,28952413.00
2021-09-10,252.000,259.400,262.600,251.600,18803186.00
2021-09-13,251.200,247.800,254.000,239.000,24934818.00
2021-09-14,247.800,245.000,251.000,238.600,18788167.00
2021-09-15,236.200,234.000,241.400,232.600,21866401.00
2021-09-16,231.000,232.600,238.200,230.400,16031559.00
2021-09-17,230.800,240.800,243.800,228.400,19870460.00
2021-09-20,237.000,234.600,237.400,230.400,11665337.00
2021-09-21,230.000,230.600,232.000,224.800,18293893.00
2021-09-23,238.000,242.600,247.800,237.000,28399235.00
2021-09-24,242.200,244.600,252.000,241.200,23980206.00
2021-09-27,243.200,248.400,256.800,243.200,22688044.00
2021-09-28,252.000,251.800,256.800,249.200,20017062.00
2021-09-29,245.000,250.000,250.800,238.000,13265074.00
2021-09-30,243.000,246.600,248.400,241.600,12907162.00
2021-10-04,242.400,236.800,246.200,235.400,14934956.00
2021-10-05,231.200,233.600,237.000,229.800,15546940.00
2021-10-06,237.000,228.600,237.000,228.200,15286557.00
2021-10-07,236.800,250.800,252.800,234.600,22228487.00
2021-10-08,258.200,256.000,258.200,248.800,26350580.00
2021-10-11,270.000,277.400,280.600,265.600,54578979.00
2021-10-12,273.000,269.000,277.600,268.000,27949555.00
2021-10-15,275.000,280.800,281.000,272.800,45778121.00
2021-10-18,280.000,280.400,280.600,269.200,20471250.00
2021-10-19,280.400,285.600,288.000,278.000,17509802.00
2021-10-20,290.000,293.800,297.800,289.000,38356351.00
2021-10-21,295.400,288.400,298.000,284.400,28901998.00
2021-10-22,290.000,289.200,292.800,283.200,12113045.00
2021-10-25,285.400,286.800,294.800,285.000,15930495.00
2021-10-26,286.000,283.000,288.000,280.800,13595769.00
2021-10-27,275.000,268.600,275.800,267.600,23823732.00
2021-10-28,275.200,272.200,277.200,269.800,13575181.00
2021-10-29,271.400,269.600,276.000,269.200,14380080.00
2021-11-01,267.000,267.400,272.400,263.200,13360881.00
2021-11-02,278.200,271.000,285.400,269.400,20579374.00
2021-11-03,277.400,277.000,277.600,267.800,14426808.00
2021-11-04,282.000,286.000,286.800,280.400,16494718.00
2021-11-05,279.400,276.800,282.400,274.000,14726028.00
2021-11-08,274.600,271.200,275.800,267.200,14403163.00
2021-11-09,276.400,270.400,276.600,268.000,10236993.00
2021-11-10,270.400,277.400,277.600,266.800,12138458.00
2021-11-11,275.200,282.400,285.800,272.000,15036145.00
2021-11-12,289.800,289.800,292.600,287.200,22694413.00
2021-11-15,291.000,289.600,293.400,284.200,11339494.00
2021-11-16,289.600,297.400,297.600,287.600,19416943.00
2021-11-17,295.000,292.600,296.600,290.400,11680027.00
2021-11-18,285.000,285.400,286.400,277.600,15189245.00
2021-11-19,279.400,280.800,282.200,273.000,17487510.00
2021-11-22,278.000,274.000,279.400,268.800,19704966.00
2021-11-23,267.000,265.400,268.800,264.600,15575043.00
2021-11-24,265.400,273.400,281.800,265.000,21714997.00
2021-11-25,273.400,274.200,276.800,268.000,12784951.00
2021-11-26,268.000,263.600,269.400,260.200,19649028.00
2021-11-29,240.400,245.000,248.400,240.400,55011133.00
2021-11-30,242.000,238.000,244.000,230.200,41440947.00
2021-12-01,238.000,244.600,249.000,237.400,21863166.00
2021-12-02,240.200,247.800,252.000,238.200,17078175.00
2021-12-03,243.200,241.200,244.600,234.600,30985281.00
2021-12-06,236.200,232.400,245.800,231.000,34298272.00
2021-12-07,239.800,245.800,246.600,236.400,26956099.00
2021-12-08,250.000,245.200,253.400,245.000,17961861.00
2021-12-09,251.200,247.000,252.000,245.200,16500427.00
2021-12-10,247.000,243.000,251.000,240.200,22238652.00
2021-12-13,246.200,248.000,256.600,245.600,23961728.00
2021-12-14,243.000,246.200,248.000,242.200,14275556.00
2021-12-15,243.400,241.800,246.200,240.200,12522375.00
2021-12-16,238.800,238.400,240.200,229.200,19372057.00
2021-12-17,237.000,225.800,237.000,225.200,24909630.00
2021-12-20,224.600,219.200,228.200,215.200,19537037.00
2021-12-21,216.800,229.000,231.800,216.200,22538844.00
2021-12-22,233.000,230.400,239.800,228.200,12951440.00
2021-12-23,224.400,226.600,228.200,217.800,21859122.00
2021-12-24,229.800,226.000,229.800,224.000,6023974.00
2021-12-28,227.600,223.400,228.400,217.000,19511435.00
2021-12-29,222.800,216.000,222.800,214.800,14075343.00
2021-12-30,215.600,218.400,221.800,213.400,10527641.00
2021-12-31,228.800,225.400,232.400,225.400,9609156.00
2022-01-03,229.000,223.400,232.200,221.200,6017145.00
2022-01-04,222.800,219.600,225.800,216.400,13311694.00
2022-01-05,211.000,195.100,212.000,193.600,53165889.00
2022-01-06,195.000,202.200,203.600,191.800,29435398.00
2022-01-07,208.000,204.000,209.200,201.400,23027044.00
2022-01-10,202.000,206.600,210.600,198.300,20952466.00
2022-01-11,209.400,208.000,211.800,203.400,15263461.00
2022-01-12,216.000,227.000,228.400,215.000,30954151.00
2022-01-13,228.000,226.200,231.200,221.800,18464506.00
2022-01-14,215.000,220.600,221.000,212.200,23662887.00
2022-01-17,219.000,216.600,221.000,213.000,14712314.00
2022-01-18,216.600,215.800,228.000,213.400,16482922.00
2022-01-19,216.800,214.400,220.000,210.800,17405542.00
2022-01-20,217.000,238.000,241.200,215.200,43804700.00
2022-01-21,235.000,238.000,242.400,233.600,30191207.00
2022-01-24,233.200,232.800,238.000,226.600,22769733.00
2022-01-25,226.800,225.800,230.600,221.000,25026259.00
2022-01-26,224.200,225.000,229.800,220.000,22040731.00
2022-01-27,216.400,209.400,217.000,203.600,34183417.00
2022-01-28,203.200,208.000,210.400,200.400,22081953.00
2022-01-31,212.400,219.600,222.400,212.200,16342741.00
2022-02-04,226.600,226.800,228.800,221.200,11967427.00
2022-02-07,229.600,225.800,229.600,218.200,15057139.00
2022-02-08,225.600,221.000,225.600,215.200,13414299.00
2022-02-09,228.800,229.200,232.200,227.800,16036174.00
2022-02-10,233.000,233.000,235.800,225.400,13890467.00
2022-02-11,228.200,227.800,233.000,224.400,15331337.00
2022-02-14,222.800,219.600,224.800,216.600,18413678.00
2022-02-15,218.000,214.000,220.000,212.200,15144429.00
2022-02-16,219.000,219.400,222.000,216.200,12648841.00
2022-02-17,216.000,220.800,224.000,216.000,11182758.00
2022-02-18,217.400,188.000,221.000,182.000,82653856.00
2022-02-21,178.000,180.500,194.100,178.000,80793669.00
2022-02-22,176.800,171.300,180.300,166.800,61729725.00
2022-02-23,172.200,176.600,184.600,171.000,43212550.00
2022-02-24,172.900,170.200,177.000,166.400,38922085.00
2022-02-25,174.100,170.200,179.200,170.200,27281680.00
2022-02-28,172.000,172.200,172.800,165.300,28598348.00
2022-03-01,174.600,173.400,178.200,170.600,27631263.00
2022-03-02,177.000,176.400,181.900,175.100,29068743.00
2022-03-03,175.600,174.200,178.100,169.500,22115571.00
2022-03-04,165.000,164.800,167.900,161.200,48303297.00
2022-03-07,157.000,146.200,157.800,145.800,66684818.00
2022-03-08,146.000,145.500,152.800,144.500,47995870.00
2022-03-09,149.100,148.500,151.300,139.300,40551427.00
2022-03-10,155.700,144.200,155.800,141.000,35919402.00
2022-03-11,135.000,135.400,140.800,126.000,72625389.00
2022-03-14,128.000,112.600,129.700,111.400,103004664.00
2022-03-15,104.100,106.000,120.700,103.500,105044140.00
2022-03-16,114.300,140.000,144.700,110.000,137116536.00
2022-03-17,160.300,157.200,166.000,147.200,112339654.00
2022-03-18,150.000,153.300,158.000,142.000,62369007.00
2022-03-21,157.700,143.900,158.300,140.800,47464792.00
2022-03-22,145.000,153.000,154.000,142.600,29758929.00
2022-03-23,158.500,156.200,165.000,155.200,44059464.00
2022-03-24,156.200,147.000,157.700,144.300,36791648.00
2022-03-25,145.600,135.000,149.400,132.600,45154541.00
2022-03-28,143.000,150.600,155.900,137.000,55833698.00
2022-03-29,153.100,159.300,162.300,152.600,37739214.00
2022-03-30,161.700,160.100,165.400,156.800,35317236.00
2022-03-31,160.100,155.600,160.300,152.700,19121653.00
2022-04-01,148.400,155.500,156.800,145.600,23095390.00
2022-04-04,160.100,167.000,167.600,158.600,30498933.00
2022-04-06,160.000,160.900,165.400,158.800,29819804.00
2022-04-07,158.200,159.300,172.500,157.600,36718605.00
2022-04-08,154.100,156.500,158.100,152.000,22560050.00
2022-04-11,150.100,147.500,151.600,146.000,28364129.00
2022-04-12,147.000,153.900,159.200,145.200,36838492.00
2022-04-13,150.100,154.100,157.500,150.100,20107516.00
2022-04-14,156.500,155.200,157.400,153.600,21940716.00
2022-04-19,146.500,146.000,151.700,144.700,30988940.00
2022-04-20,147.400,144.900,148.700,144.400,19599415.00
2022-04-21,139.000,137.800,140.600,132.800,46359101.00
2022-04-22,130.100,141.400,143.300,130.100,32263734.00
2022-04-25,138.300,138.600,145.600,135.000,35712522.00
2022-04-26,141.900,145.300,150.800,141.900,35974757.00
2022-04-27,144.600,147.900,156.000,142.500,52702988.00
2022-04-28,152.100,148.900,152.100,144.200,25114706.00
2022-04-29,150.400,172.000,177.800,145.500,88434684.00
2022-05-03,173.900,172.400,178.000,165.900,38798509.00
2022-05-04,169.300,164.500,169.900,161.600,22784991.00
2022-05-05,170.400,164.700,173.400,164.300,39710521.00
2022-05-06,155.000,157.000,161.300,153.000,38554679.00
2022-05-10,146.000,151.800,155.400,144.000,46205079.00
2022-05-11,149.400,161.400,168.600,149.000,46522147.00
2022-05-12,156.900,157.000,166.400,154.300,47512447.00
2022-05-13,161.800,167.600,168.200,159.700,41625770.00
2022-05-16,172.300,163.500,172.600,159.300,34701721.00
2022-05-17,168.300,173.700,175.600,166.000,46239919.00
2022-05-18,174.000,172.000,174.900,167.000,36512734.00
2022-05-19,165.000,165.500,167.800,160.100,37890659.00
2022-05-20,171.100,173.000,174.500,169.100,28364485.00
2022-05-23,172.500,167.700,173.700,165.500,28566571.00
2022-05-24,167.500,159.600,169.400,156.000,34499947.00
2022-05-25,159.300,159.700,163.400,156.200,23534891.00
2022-05-26,161.700,158.600,161.800,152.400,22184712.00
2022-05-27,166.500,163.900,169.400,160.900,32424080.00
2022-05-30,168.800,175.100,176.800,167.900,44394745.00
2022-05-31,174.700,187.000,187.100,173.700,52536707.00
2022-06-01,184.700,182.500,187.300,178.800,28745719.00
2022-06-02,178.500,180.200,183.600,175.600,27650843.00
2022-06-06,192.000,198.100,198.100,187.200,52844539.00
2022-06-07,197.600,199.000,202.400,193.400,36520966.00
2022-06-08,204.400,208.200,210.000,202.400,49529296.00
2022-06-09,209.400,201.800,211.600,197.200,45094591.00
2022-06-10,195.300,201.200,208.600,195.000,59757791.00
2022-06-13,195.400,188.200,199.300,186.800,47852863.00
2022-06-14,186.400,194.400,197.400,183.000,45630900.00
2022-06-15,200.200,197.000,202.800,196.100,31702659.00
2022-06-16,202.600,189.200,202.600,186.600,30923811.00
2022-06-17,189.000,199.100,200.000,187.500,41539099.00
2022-06-20,200.000,199.400,200.800,194.800,19567596.00
2022-06-21,200.000,201.200,202.200,195.300,20084578.00
2022-06-22,201.200,191.600,201.200,190.300,24450049.00
2022-06-23,193.200,192.600,195.500,185.600,23729076.00
2022-06-24,195.100,198.100,200.200,188.000,30535036.00
2022-06-27,201.000,205.000,210.000,200.000,40891219.00
2022-06-28,205.000,207.600,210.800,197.500,32122986.00
2022-06-29,204.600,202.800,206.800,198.300,26639598.00
2022-06-30,199.800,194.200,204.000,191.900,32444184.00
2022-07-04,196.000,201.200,203.400,193.300,24212667.00
2022-07-05,205.000,197.700,205.600,196.000,15618630.00
2022-07-06,197.200,195.900,199.800,190.100,18181782.00
2022-07-07,192.100,194.400,195.300,188.100,18290219.00
2022-07-08,198.000,192.300,198.200,190.200,15029795.00
2022-07-11,188.500,181.600,188.500,180.000,30615208.00
2022-07-12,179.800,178.000,183.100,174.500,25505508.00
2022-07-13,179.000,180.500,185.700,179.000,17343497.00
2022-07-14,181.100,182.500,185.400,179.700,16538169.00
2022-07-15,180.200,179.200,184.000,176.200,21497378.00
2022-07-18,185.000,189.700,191.900,183.600,34638466.00
2022-07-19,190.400,189.100,192.400,187.200,15552498.00
2022-07-20,193.600,194.700,197.800,193.400,18575240.00
2022-07-21,193.700,190.400,196.000,189.200,22373294.00
2022-07-22,194.000,191.700,194.900,189.600,15008353.00
2022-07-25,190.700,188.200,191.500,184.100,15606282.00
2022-07-26,188.700,190.700,192.400,185.300,11205025.00
2022-07-27,188.800,190.100,192.400,187.800,9431352.00
2022-07-28,191.200,188.000,191.600,187.400,14058776.00
2022-07-29,188.900,176.300,189.800,173.300,37161599.00
2022-08-01,177.300,180.000,181.500,173.700,17921551.00
2022-08-02,175.000,176.200,177.300,171.900,28277651.00
2022-08-03,179.100,177.100,180.500,175.400,19046985.00
2022-08-04,181.500,183.800,184.400,180.300,15527963.00
2022-08-05,186.900,183.500,187.000,182.600,10321784.00
2022-08-08,181.100,179.600,183.500,178.500,12690016.00
2022-08-09,179.700,176.000,180.000,174.200,15998055.00
2022-08-10,174.700,169.600,176.500,167.000,23557035.00
2022-08-11,172.000,176.400,176.900,171.100,20644773.00
2022-08-12,177.800,179.100,179.900,175.900,14324286.00
2022-08-15,179.000,180.900,185.000,178.500,14582497.00
2022-08-16,184.300,164.500,184.500,159.500,66970466.00
2022-08-17,169.600,170.000,173.200,165.700,38079991.00
2022-08-18,173.000,171.100,174.900,169.500,18845951.00
2022-08-19,169.400,169.900,174.400,165.400,20464820.00
2022-08-22,166.400,171.100,175.500,165.700,18756016.00
2022-08-23,171.100,168.700,173.400,167.100,16913154.00
2022-08-24,170.900,164.100,171.200,163.100,24176621.00
2022-08-25,164.900,177.300,179.500,164.900,27920623.00
2022-08-26,180.300,181.900,183.800,177.700,28586308.00
2022-08-29,188.000,186.700,191.000,184.000,49828941.00
2022-08-30,189.400,185.000,189.400,179.700,26865792.00
2022-08-31,181.200,189.800,193.600,180.200,60734926.00
2022-09-01,185.000,178.700,186.500,177.000,30511180.00
2022-09-02,182.000,176.200,182.400,174.200,19643601.00
2022-09-05,174.000,173.600,175.600,169.600,16340553.00
2022-09-06,175.600,173.400,177.700,172.000,12974024.00
2022-09-07,170.400,172.100,173.600,167.800,13830921.00
2022-09-08,172.700,171.500,175.200,170.400,9187502.00
2022-09-09,172.600,179.900,181.100,172.300,18276352.00
2022-09-13,181.100,177.800,181.600,177.400,13153478.00
2022-09-14,173.100,173.800,176.200,172.400,11858668.00
2022-09-15,173.800,175.400,177.200,173.300,10370843.00
2022-09-16,172.400,171.900,175.000,170.000,15356162.00
2022-09-19,172.000,169.400,172.000,167.200,13739607.00
2022-09-20,172.000,172.600,176.700,171.400,13838467.00
2022-09-21,172.300,167.500,172.300,166.100,15593525.00
2022-09-22,163.900,164.900,165.000,160.300,17788120.00
2022-09-23,162.400,160.300,164.700,160.300,12682207.00
2022-09-26,160.000,167.500,170.600,159.400,20487619.00
2022-09-27,168.100,174.200,174.800,166.500,23512367.00
2022-09-28,172.000,168.800,172.900,167.700,18959922.00
2022-09-29,174.500,170.200,174.700,167.500,17156821.00
2022-09-30,171.600,165.600,171.600,160.900,19211935.00
2022-10-03,164.400,161.700,165.900,159.800,13299004.00
2022-10-05,168.400,174.900,177.000,168.000,23594372.00
2022-10-06,177.500,177.100,179.400,173.300,11941492.00
2022-10-07,175.400,172.900,177.500,172.800,6408263.00
2022-10-10,168.000,161.300,168.000,159.600,30853484.00
2022-10-11,161.300,151.400,161.500,146.700,38209080.00
2022-10-12,151.800,150.400,158.600,142.000,42562313.00
2022-10-13,149.800,146.000,149.800,144.500,19571364.00
2022-10-14,148.700,149.000,155.300,148.700,26274605.00
2022-10-17,146.000,149.700,153.500,141.600,24052728.00
2022-10-18,153.200,154.000,155.800,149.500,25249963.00
2022-10-19,153.400,144.500,153.600,144.400,25715958.00
2022-10-20,139.500,140.800,141.800,133.700,50447486.00
2022-10-21,141.200,141.600,143.800,139.200,17633947.00
2022-10-24,135.000,120.600,137.800,119.100,87427196.00
2022-10-25,120.900,123.500,127.700,112.800,78266339.00
2022-10-26,121.700,129.700,134.600,121.300,52186329.00
2022-10-27,138.400,131.800,139.200,131.100,41077734.00
2022-10-28,131.500,121.800,131.600,120.200,45546979.00
2022-10-31,122.000,124.800,130.800,118.800,41381680.00
2022-11-01,128.000,139.600,145.000,127.600,63316429.00
2022-11-02,139.000,146.700,149.000,134.700,40243112.00
2022-11-03,141.000,141.500,146.000,138.200,27092886.00
2022-11-04,145.000,149.500,158.800,144.500,62912735.00
2022-11-07,145.000,153.000,157.100,142.200,36876150.00
2022-11-08,153.300,148.800,155.900,146.600,30156050.00
2022-11-09,147.000,144.300,149.700,141.400,30446854.00
2022-11-10,140.000,141.900,143.000,138.700,21861746.00
2022-11-11,160.000,159.600,160.700,152.600,59572296.00
2022-11-14,167.000,156.500,168.000,155.400,60532565.00
2022-11-15,155.700,166.400,170.300,153.600,51487473.00
2022-11-16,164.000,162.300,167.800,157.700,45330585.00
2022-11-17,152.000,153.000,154.800,149.000,78316760.00
2022-11-18,158.600,160.400,167.000,156.900,49770374.00
2022-11-21,153.000,152.500,154.400,150.100,32192357.00
2022-11-22,152.000,139.900,153.000,137.100,71799046.00
2022-11-23,139.500,138.400,142.000,134.100,37356864.00
2022-11-24,140.000,138.900,141.700,135.100,20411741.00
2022-11-25,137.900,136.600,137.900,133.300,25695319.00
2022-11-28,129.000,139.400,140.700,128.500,47477623.00
2022-11-29,143.300,155.400,156.000,141.300,68348315.00
2022-11-30,152.400,163.600,165.900,150.700,67182966.00
2022-12-01,172.000,163.000,177.500,161.000,61192587.00
2022-12-02,162.700,168.000,171.500,162.000,43061411.00
2022-12-05,175.000,174.300,176.000,168.900,52254576.00
2022-12-06,170.000,173.800,178.900,169.000,39055024.00
2022-12-07,172.500,167.500,182.300,167.000,47537009.00
2022-12-08,171.100,178.300,180.000,170.200,37406352.00
2022-12-09,177.500,188.500,188.900,175.300,50368648.00
2022-12-12,182.000,175.400,187.000,172.600,37430376.00
2022-12-13,175.200,179.000,183.900,174.900,28408770.00
2022-12-14,181.900,182.800,185.400,179.400,24871987.00
2022-12-15,181.400,176.800,181.900,175.300,18337831.00
2022-12-16,174.200,175.900,179.100,170.700,24271580.00
2022-12-19,180.000,178.800,187.000,177.100,24976402.00
2022-12-20,176.100,175.500,178.900,171.800,18837092.00
2022-12-21,176.200,174.200,176.800,172.500,10613803.00
2022-12-22,179.700,186.200,186.800,178.200,35630667.00
2022-12-23,180.400,183.200,185.600,180.400,17329993.00
2022-12-28,186.200,184.200,189.600,182.800,28927593.00
2022-12-29,180.800,183.800,185.000,179.900,17062318.00
2022-12-30,188.400,174.700,188.500,174.700,31271880.00
2023-01-03,173.000,176.800,177.800,164.700,37814940.00
2023-01-04,175.200,181.300,184.900,173.600,42884019.00
2023-01-05,188.800,190.800,195.600,187.200,45355119.00
2023-01-06,191.000,182.700,192.600,181.600,34445779.00
2023-01-09,185.100,180.600,186.500,177.200,43409393.00
2023-01-10,178.200,178.500,179.100,175.000,31231825.00
2023-01-11,179.800,174.000,181.900,172.200,48156549.00
2023-01-12,175.700,173.000,177.800,169.400,36223970.00
2023-01-13,173.000,171.200,173.200,168.000,37740104.00
2023-01-16,171.600,165.600,172.600,161.600,58214816.00
2023-01-17,165.800,164.800,169.800,162.300,34147894.00
2023-01-18,162.100,163.600,165.800,161.000,32337925.00
2023-01-19,161.000,160.200,162.000,159.000,20979883.00
2023-01-20,163.900,168.100,168.900,163.800,27743295.00
2023-01-26,171.100,172.400,173.400,169.500,29899068.00
2023-01-27,173.000,174.900,175.200,171.000,19439756.00
2023-01-30,172.000,173.500,181.100,172.000,55331550.00
2023-01-31,175.800,174.600,178.500,170.300,32516625.00
2023-02-01,176.600,180.100,182.400,174.100,35916222.00
2023-02-02,183.100,176.600,185.000,176.000,26580738.00
2023-02-03,173.200,172.800,174.800,169.000,28869669.00
2023-02-06,167.800,164.100,170.000,160.400,43310208.00
2023-02-07,165.000,163.700,166.500,162.400,22939843.00
2023-02-08,159.000,153.100,159.000,148.300,105815798.00
2023-02-09,149.000,153.500,155.000,148.500,42178820.00
2023-02-10,152.500,148.100,153.400,145.000,46144143.00
2023-02-13,145.000,148.200,151.200,143.600,36985397.00
2023-02-14,149.000,147.700,150.100,146.700,26961707.00
2023-02-15,148.600,145.900,148.600,143.300,31980470.00
2023-02-16,144.500,148.300,151.700,144.200,34797292.00
2023-02-17,147.900,144.200,149.800,144.100,25463180.00
2023-02-20,144.700,145.800,147.600,142.200,19909280.00
2023-02-21,146.100,139.800,146.800,139.300,34114924.00
2023-02-22,138.800,140.000,143.400,137.100,26855616.00
2023-02-23,138.700,139.100,142.200,138.500,21932466.00
2023-02-24,137.900,134.400,138.100,133.800,34832905.00
2023-02-27,132.300,136.200,138.800,132.100,28234666.00
2023-02-28,138.300,136.100,140.400,135.100,31464557.00
2023-03-01,135.300,142.800,143.600,135.300,35180578.00
2023-03-02,140.600,141.300,142.500,139.700,17983015.00
2023-03-03,145.300,142.300,146.000,141.800,22071347.00
2023-03-06,141.000,142.900,146.500,140.800,20474166.00
2023-03-07,141.100,137.900,144.000,135.700,33805962.00
2023-03-08,135.100,131.900,136.300,130.300,39112924.00
2023-03-09,131.100,129.400,132.000,129.200,27384196.00
2023-03-10,125.900,127.400,127.400,122.100,69948713.00
2023-03-13,129.100,129.000,131.400,127.000,31670535.00
2023-03-14,127.700,125.400,130.900,124.500,24599054.00
2023-03-15,127.900,126.700,130.300,125.600,20973761.00
2023-03-16,124.500,126.300,129.500,124.200,21703846.00
2023-03-17,128.700,130.400,131.400,127.800,36936345.00
2023-03-20,129.200,128.900,130.800,126.400,20529878.00
2023-03-21,129.600,130.100,130.500,125.600,18879916.00
2023-03-22,131.400,130.300,132.900,128.400,27442623.00
2023-03-23,130.700,141.100,142.000,129.300,55356860.00
2023-03-24,140.800,140.200,143.700,136.900,43628145.00
2023-03-27,138.000,131.400,139.700,130.500,95718074.00
2023-03-28,128.000,134.600,136.600,128.000,50100100.00
2023-03-29,140.000,140.000,144.400,138.000,76240940.00
2023-03-30,140.200,142.000,142.400,138.000,34864662.00
2023-03-31,144.800,143.500,148.000,143.300,47423368.00
2023-04-03,140.600,140.000,142.500,139.100,32056637.00
2023-04-04,136.300,133.900,137.700,132.000,41379452.00
2023-04-06,131.000,133.800,133.900,129.200,28511889.00
2023-04-11,134.200,135.400,137.200,132.700,23521030.00
2023-04-12,134.800,131.000,137.600,130.300,24250489.00
2023-04-13,128.000,130.900,130.900,126.500,27623109.00
2023-04-14,131.300,129.500,131.900,127.600,23135639.00
2023-04-17,128.500,135.600,136.700,128.000,30802735.00
2023-04-18,133.300,135.300,136.600,133.300,15484880.00
2023-04-19,135.600,135.600,138.600,133.900,24319557.00
2023-04-20,135.800,140.400,142.200,135.800,35146544.00
2023-04-21,140.000,137.700,140.600,136.400,22543597.00
2023-04-24,137.700,137.600,141.000,134.900,17718915.00
2023-04-25,136.700,131.600,136.800,129.500,31004357.00
2023-04-26,130.800,133.100,135.700,130.400,18835502.00
2023-04-27,132.300,134.000,134.200,131.400,15864433.00
2023-04-28,134.100,133.000,136.600,132.600,15047849.00
2023-05-02,135.900,132.500,137.400,131.500,10384370.00
2023-05-03,130.000,131.300,131.400,128.900,9248479.00
2023-05-04,131.900,132.000,133.500,130.400,14987634.00
2023-05-05,134.000,135.600,137.000,132.800,19031107.00
2023-05-08,135.700,134.200,137.700,132.700,13434802.00
2023-05-09,133.000,130.300,135.300,129.800,21017532.00
2023-05-10,129.300,129.000,130.000,126.600,22057043.00
2023-05-11,128.600,128.500,129.900,126.200,21665041.00
2023-05-12,130.800,131.800,134.600,130.000,30262695.00
2023-05-15,131.800,136.300,139.200,131.200,32892977.00
2023-05-16,138.900,137.400,139.800,137.000,17895478.00
2023-05-17,137.400,133.000,139.000,132.800,16045180.00
2023-05-18,133.500,133.500,135.300,131.700,15303929.00
2023-05-19,130.700,128.600,131.100,127.600,29496414.00
2023-05-22,129.700,132.600,134.000,127.500,24354632.00
2023-05-23,132.700,132.800,135.700,132.000,18896202.00
2023-05-24,130.800,130.400,131.900,129.600,15450737.00
2023-05-25,128.900,126.000,129.600,123.300,34594015.00
2023-05-29,126.000,115.800,126.000,115.300,93174015.00
2023-05-30,116.500,116.400,117.600,113.000,45855807.00
2023-05-31,112.100,110.200,113.400,109.200,87568473.00
2023-06-01,110.900,112.800,117.000,110.800,45431448.00
2023-06-02,116.800,121.600,122.000,115.500,63586477.00
2023-06-05,120.100,121.600,122.400,118.700,29492833.00
2023-06-06,122.000,121.800,125.300,120.400,23872365.00
2023-06-07,125.200,123.500,126.500,123.200,20229163.00
2023-06-08,124.000,124.400,124.800,120.200,20637994.00
2023-06-09,126.200,127.100,128.000,124.500,27792192.00
2023-06-12,128.600,127.600,128.800,125.200,17065634.00
2023-06-13,127.600,128.000,129.500,126.200,24358052.00
2023-06-14,129.200,127.300,130.400,125.600,18064760.00
2023-06-15,130.200,137.200,137.300,128.900,52675219.00
2023-06-16,139.000,138.000,139.800,136.000,71956565.00
2023-06-19,136.700,137.000,137.500,132.900,23414744.00
2023-06-20,137.200,132.300,137.200,130.800,21691469.00
2023-06-21,129.000,127.600,129.500,126.000,25298667.00
2023-06-23,125.700,124.700,126.000,122.600,16208306.00
2023-06-26,124.500,124.000,126.600,122.900,18021336.00
2023-06-27,123.400,126.200,127.500,123.100,16670910.00
2023-06-28,125.300,127.100,128.000,124.700,16886084.00
2023-06-29,126.800,124.700,128.100,123.200,18153464.00
2023-06-30,123.400,122.300,124.400,121.600,22205599.00
2023-07-03,123.900,126.400,127.200,123.300,18128687.00
2023-07-04,126.600,127.600,128.800,124.900,12694880.00
2023-07-05,127.100,124.500,127.900,123.600,12203478.00
2023-07-06,123.000,120.600,124.600,119.700,22254934.00
2023-07-07,119.000,119.100,121.200,117.300,19381215.00
2023-07-10,122.700,121.100,123.900,120.600,14335857.00
2023-07-11,124.000,122.000,124.000,121.500,12052968.00
2023-07-12,124.000,127.300,128.200,123.100,26018894.00
2023-07-13,131.500,134.600,135.400,131.100,46811946.00
2023-07-14,137.300,132.500,137.400,131.500,25152849.00
2023-07-17,132.500,132.500,132.500,132.500,0.00
2023-07-18,131.200,129.100,132.000,128.100,17254666.00
2023-07-19,125.500,127.700,128.300,125.200,21572134.00
2023-07-20,128.800,126.700,131.900,126.200,15235978.00
2023-07-21,126.000,128.200,129.200,126.000,14407358.00
2023-07-24,125.600,125.000,127.400,123.700,16798364.00
2023-07-25,131.000,134.800,135.200,129.800,41601348.00
2023-07-26,133.000,134.900,135.500,131.800,17449621.00
2023-07-27,136.700,136.600,138.200,135.700,23954776.00
2023-07-28,134.200,142.400,143.000,133.900,40948029.00
2023-07-31,149.300,146.300,150.000,145.400,48528755.00
2023-08-01,149.000,145.500,150.000,143.500,26924963.00
2023-08-02,143.900,140.700,144.700,138.800,25201177.00
2023-08-03,140.300,140.200,142.800,139.300,13772924.00
2023-08-04,144.000,144.000,146.900,142.000,19915828.00
2023-08-07,144.800,144.700,146.200,141.400,11552859.00
2023-08-08,141.100,140.100,142.500,138.700,20110425.00
2023-08-09,137.600,140.900,141.400,137.600,10966324.00
2023-08-10,139.400,141.000,142.000,137.600,12527662.00
2023-08-11,141.200,137.200,141.500,136.900,17193808.00
2023-08-14,133.000,135.400,135.900,131.600,16180085.00
2023-08-15,134.000,133.900,135.800,132.800,11024207.00
2023-08-16,131.000,132.400,133.700,130.900,10505315.00
2023-08-17,129.700,133.600,135.000,129.100,16806999.00
2023-08-18,131.800,129.900,133.800,129.400,17637567.00
2023-08-21,128.200,127.000,129.900,125.600,21050493.00
2023-08-22,128.000,129.200,131.600,125.700,23483185.00
2023-08-23,129.700,130.300,133.200,127.300,16176065.00
2023-08-24,131.900,140.000,140.400,131.300,42613537.00
2023-08-25,135.200,132.200,135.800,130.200,43410345.00
2023-08-28,138.000,134.700,139.300,134.200,24644805.00
2023-08-29,136.600,137.300,138.900,135.000,20565514.00
2023-08-30,138.800,134.200,140.000,133.400,24450563.00
2023-08-31,134.100,128.500,134.200,128.300,42183417.00
2023-09-01,128.500,128.500,128.500,128.500,0.00
2023-09-04,131.900,132.700,134.900,130.500,42270768.00
2023-09-05,132.300,128.600,132.500,128.300,20179605.00
2023-09-06,128.000,128.300,129.000,125.200,20503896.00
2023-09-07,129.000,125.000,129.000,124.200,24107147.00
2023-09-08,125.000,125.000,125.000,125.000,0.00
2023-09-11,122.400,125.700,127.100,122.000,23497040.00
2023-09-12,124.600,124.800,126.000,122.700,15824406.00
2023-09-13,124.600,123.100,125.200,122.500,13579391.00
2023-09-14,123.500,123.000,124.300,121.600,14635798.00
2023-09-15,124.500,124.300,126.300,122.200,22337043.00
2023-09-18,122.200,122.000,123.600,121.300,13494852.00
2023-09-19,121.400,121.700,122.400,118.700,21026601.00
2023-09-20,120.700,119.200,121.300,118.600,18468116.00
2023-09-21,117.500,116.300,117.800,115.200,25261260.00
2023-09-22,114.800,120.800,121.500,114.800,24610941.00
2023-09-25,119.900,117.200,120.000,116.600,19533949.00
2023-09-26,116.400,116.300,118.400,115.900,18430577.00
2023-09-27,115.500,114.800,117.200,113.700,32223497.00
2023-09-28,113.100,110.800,114.300,110.200,45106314.00
2023-09-29,112.300,114.600,115.700,111.300,19167952.00
2023-10-03,111.500,110.000,111.900,107.600,25231513.00
2023-10-04,109.000,106.900,109.800,105.700,22890772.00
2023-10-05,108.000,105.900,108.800,105.500,16875152.00
2023-10-06,107.800,108.300,109.500,107.300,14467080.00
2023-10-09,108.800,108.900,110.600,106.000,18733292.00
2023-10-10,111.900,112.300,115.200,111.000,32929871.00
2023-10-11,115.500,116.500,118.300,115.100,35533689.00
2023-10-12,120.000,118.400,120.000,118.000,23289955.00
2023-10-13,114.500,114.600,115.800,113.300,24256165.00
2023-10-16,113.500,113.700,114.700,112.500,17292685.00
2023-10-17,115.600,114.500,116.100,114.000,11089439.00
2023-10-18,113.400,113.700,115.100,111.600,18746586.00
2023-10-19,111.800,110.400,112.000,109.400,23721099.00
2023-10-20,108.500,107.800,109.500,107.300,26300972.00
2023-10-24,107.000,107.500,109.000,104.600,32208971.00
2023-10-25,112.800,109.600,113.500,108.200,28410868.00
2023-10-26,109.500,109.800,110.400,107.500,17363252.00
2023-10-27,110.000,113.000,113.900,109.000,21965604.00
2023-10-30,111.100,114.000,115.500,111.100,20470904.00
2023-10-31,113.000,110.600,113.600,110.300,17728879.00
2023-11-01,111.100,109.000,112.200,107.700,15437450.00
2023-11-02,110.700,108.000,112.000,106.600,23363522.00
2023-11-03,109.000,111.000,111.700,108.100,27757555.00
2023-11-06,114.300,117.200,118.300,113.800,39276922.00
2023-11-07,116.300,115.500,118.100,114.800,18753172.00
2023-11-08,115.800,115.000,117.300,114.300,18691337.00
2023-11-09,114.500,115.000,116.200,114.200,11629715.00
2023-11-10,113.200,110.700,113.400,110.300,20602660.00
2023-11-13,111.100,111.600,112.800,107.600,24889362.00
2023-11-14,111.200,108.300,111.400,108.100,21343531.00
2023-11-15,112.100,113.300,113.900,110.900,33797257.00
2023-11-16,114.800,111.700,114.800,110.000,25049103.00
2023-11-17,108.900,107.300,110.500,106.800,28968535.00
2023-11-20,109.700,109.000,109.700,106.500,31587831.00
2023-11-21,111.800,110.500,114.000,109.600,34164065.00
2023-11-22,110.200,111.400,113.000,110.100,18106009.00
2023-11-23,111.300,112.200,112.500,109.300,20531919.00
2023-11-24,111.000,109.100,111.500,108.900,17937066.00
2023-11-27,111.000,108.600,111.000,107.600,19162668.00
2023-11-28,109.300,103.000,109.300,100.700,70295663.00
2023-11-29,95.000,90.450,96.550,90.100,207480684.00
2023-11-30,88.000,90.600,92.300,88.000,64543444.00
2023-12-01,90.150,87.900,90.500,85.350,101718394.00
2023-12-04,88.650,86.450,88.900,85.800,54326852.00
2023-12-05,85.650,84.650,86.000,83.700,56576963.00
2023-12-06,84.500,86.400,88.100,83.700,37426397.00
2023-12-07,84.200,86.100,86.450,83.150,42729794.00
2023-12-08,86.350,86.650,87.550,84.200,49376170.00
2023-12-11,84.800,83.500,85.150,82.600,39284636.00
2023-12-12,83.150,84.600,85.550,82.700,26096513.00
2023-12-13,84.550,82.200,84.600,80.900,36705341.00
2023-12-14,83.800,81.750,84.500,81.200,26137737.00
2023-12-15,82.450,84.950,87.500,82.400,61429877.00
2023-12-18,83.650,83.150,84.400,82.600,28002417.00
2023-12-19,81.650,78.450,82.150,76.200,93956024.00
2023-12-20,79.600,78.800,79.900,77.900,41943164.00
2023-12-21,76.700,79.700,80.750,76.200,35084557.00
2023-12-22,79.600,76.600,80.400,76.000,48774861.00
2023-12-27,78.500,78.300,78.950,76.350,27957023.00
2023-12-28,78.450,82.350,84.150,78.150,49732197.00
2023-12-29,84.000,81.900,84.250,81.600,24613929.00
2024-01-02,82.750,79.400,83.200,78.650,22897005.00
2024-01-03,77.450,78.000,78.500,77.450,21074008.00
2024-01-04,78.000,77.500,78.450,76.050,24609222.00
2024-01-05,76.800,77.750,79.600,76.200,19320699.00
2024-01-08,77.750,73.950,77.750,73.550,32722832.00
2024-01-09,74.050,70.550,75.150,70.400,52400400.00
2024-01-10,70.000,71.750,72.850,69.550,45733628.00
2024-01-11,72.650,75.600,77.050,72.400,56259716.00
2024-01-12,74.950,75.250,77.100,74.600,34751944.00
2024-01-15,75.250,75.650,76.900,73.600,34093032.00
2024-01-16,73.850,73.900,76.200,72.550,42021462.00
2024-01-17,72.450,68.750,72.600,68.150,70999330.00
2024-01-18,69.150,69.800,71.550,68.350,60041641.00
2024-01-19,69.600,68.650,71.300,68.350,40400550.00
2024-01-22,68.600,65.400,68.650,64.300,61089885.00
2024-01-23,65.650,66.300,69.400,63.450,65894453.00
2024-01-24,69.150,70.300,70.750,67.300,61021190.00
2024-01-25,70.300,69.400,70.500,67.300,44747046.00
2024-01-26,68.500,66.700,68.750,66.050,37208078.00
2024-01-29,67.350,67.300,68.300,65.550,27797193.00
2024-01-30,66.000,65.400,66.600,65.050,28952811.00
2024-01-31,65.150,62.550,65.400,61.900,41410699.00
2024-02-01,62.950,64.100,65.900,62.550,31904342.00
2024-02-02,67.000,63.250,67.000,62.850,35526659.00
2024-02-05,61.200,65.050,66.750,61.100,44622116.00
2024-02-06,64.700,69.250,69.550,64.700,57567225.00
2024-02-07,70.300,68.250,72.450,67.750,47795239.00
2024-02-08,68.150,68.150,69.850,67.200,29755332.00
2024-02-09,67.100,67.300,68.250,66.250,7218799.00
2024-02-14,66.800,71.100,71.350,66.100,26359051.00
2024-02-15,70.800,71.350,72.200,69.950,21096630.00
2024-02-16,72.500,74.650,75.000,70.850,31111357.00
2024-02-19,75.000,72.750,75.000,70.400,39524524.00
2024-02-20,73.750,73.400,74.400,71.700,21163619.00
2024-02-21,73.000,77.000,79.150,72.600,62086475.00
2024-02-22,78.250,79.750,79.900,75.800,41887709.00
2024-02-23,80.000,81.500,81.950,79.500,49886870.00
2024-02-26,81.500,81.150,83.000,80.650,30721936.00
2024-02-27,80.800,81.650,82.000,77.400,46228362.00
2024-02-28,81.650,78.350,82.300,78.200,39805027.00
2024-02-29,77.500,79.800,80.850,77.150,45596242.00
2024-03-01,79.000,88.400,88.700,78.200,112823802.00
2024-03-04,90.000,91.500,92.400,87.450,80510164.00
2024-03-05,89.550,86.350,90.200,85.700,54549058.00
2024-03-06,86.450,88.700,90.750,85.800,44220022.00
2024-03-07,89.750,85.400,90.150,82.450,55120852.00
2024-03-08,84.950,84.700,87.850,84.400,25732322.00
2024-03-11,86.050,89.200,90.100,85.900,32784520.00
2024-03-12,91.000,93.400,94.450,88.450,65843507.00
2024-03-13,94.300,94.350,95.500,92.850,52081620.00
2024-03-14,94.500,92.900,96.000,91.800,29698359.00
2024-03-15,90.900,89.400,91.300,87.100,60598885.00
2024-03-18,89.400,90.400,91.850,88.300,30006515.00
2024-03-19,89.900,89.200,90.350,87.300,22526449.00
2024-03-20,89.200,88.800,89.800,86.600,23666436.00
2024-03-21,90.000,92.300,93.400,90.000,37444742.00
2024-03-22,91.650,88.250,91.850,86.250,40590379.00
2024-03-25,92.650,93.300,96.800,92.350,87057189.00
2024-03-26,95.650,93.400,95.850,92.050,36035734.00
2024-03-27,91.500,91.100,93.400,90.400,32797948.00
2024-03-28,91.100,96.800,99.250,91.100,68225499.00
2024-04-02,99.800,101.400,101.800,98.900,47901184.00
2024-04-03,102.900,98.950,102.900,98.300,25820529.00
2024-04-05,99.000,100.400,101.200,96.650,23113479.00
2024-04-08,99.000,99.400,100.700,97.550,23724590.00
2024-04-09,99.950,99.700,102.300,99.200,20265683.00
2024-04-10,100.500,103.800,104.900,99.650,36264390.00
2024-04-11,100.600,104.500,105.700,100.600,29968182.00
2024-04-12,103.700,102.100,104.600,102.000,25336583.00
2024-04-15,100.200,101.600,102.100,99.050,23691075.00
2024-04-16,99.450,98.700,101.500,97.700,32570899.00
2024-04-17,100.000,97.550,100.800,96.300,23341654.00
2024-04-18,97.550,97.750,98.500,94.900,25433968.00
2024-04-19,94.900,95.300,95.500,92.400,43757725.00
2024-04-22,97.700,100.600,101.400,96.350,34032651.00
2024-04-23,102.600,108.600,108.800,102.000,67329893.00
2024-04-24,109.900,113.600,113.600,108.200,75120018.00
2024-04-25,113.600,111.500,113.600,109.900,41607467.00
2024-04-26,113.000,115.600,117.500,111.300,58244146.00
2024-04-29,115.600,111.400,116.000,110.400,58947214.00
2024-04-30,112.900,109.500,113.300,109.400,31352217.00
2024-05-02,111.500,119.100,119.900,109.600,54349618.00
2024-05-03,120.600,119.700,122.900,116.400,47271453.00
2024-05-06,120.000,120.300,120.600,117.200,49035480.00
2024-05-07,120.000,115.500,120.000,114.800,42001964.00
2024-05-08,115.900,113.500,118.600,113.200,30580670.00
2024-05-09,113.500,117.900,118.900,113.400,38108570.00
2024-05-10,119.600,118.600,119.700,116.100,27327103.00
2024-05-13,117.100,122.300,123.200,116.200,35200441.00
2024-05-14,124.100,121.900,125.900,121.800,38288586.00
2024-05-16,126.000,125.600,128.000,122.300,42701385.00
2024-05-17,127.800,125.000,129.200,124.300,31704186.00
2024-05-20,125.000,124.000,126.600,121.400,28982420.00
2024-05-21,122.000,121.400,123.200,120.100,29710345.00
2024-05-22,122.100,120.600,122.500,119.200,19562007.00
2024-05-23,120.100,119.500,120.500,117.600,24699425.00
2024-05-24,118.100,116.300,118.900,115.100,26306133.00
2024-05-27,116.300,118.700,119.800,114.000,21389207.00
2024-05-28,118.600,119.000,121.400,117.500,15835259.00
2024-05-29,116.500,112.700,117.700,111.900,41575906.00
2024-05-30,112.700,108.900,114.000,107.700,49115730.00
2024-05-31,110.900,105.100,112.500,104.200,70686575.00
2024-06-03,107.400,109.000,110.400,106.400,32263292.00
2024-06-04,109.000,113.500,115.000,108.600,36668490.00
2024-06-05,113.500,112.600,116.000,111.500,28629666.00
2024-06-06,114.400,112.700,116.000,111.000,37302723.00
2024-06-07,115.000,110.400,115.000,109.800,73605024.00
2024-06-11,108.000,115.300,116.600,107.000,72840707.00
2024-06-12,115.000,112.600,116.700,112.500,33337950.00
2024-06-13,114.400,116.700,116.900,112.300,37711546.00
2024-06-14,116.700,114.700,118.000,113.800,37941208.00
2024-06-17,114.000,116.800,117.700,112.400,28862165.00
2024-06-18,118.000,115.000,118.900,114.500,28072090.00
2024-06-19,116.700,121.400,121.900,115.000,35696099.00
2024-06-20,122.000,119.900,122.400,118.900,20924768.00
2024-06-21,119.700,116.200,121.000,114.000,40576486.00
2024-06-24,113.800,115.400,115.800,112.400,26037487.00
2024-06-25,116.200,116.800,119.000,115.500,24626406.00
2024-06-26,115.000,117.000,117.500,114.200,18098098.00
2024-06-27,115.500,113.700,116.700,112.600,27528943.00
2024-06-28,111.500,111.100,114.300,110.600,28512066.00
2024-07-02,111.400,112.200,113.300,108.600,27443010.00
2024-07-03,114.300,117.100,117.400,112.500,31244921.00
2024-07-04,119.900,119.700,121.600,118.800,35834785.00
2024-07-05,119.700,119.100,121.000,117.700,23440790.00
2024-07-08,118.700,117.000,118.900,116.300,17430565.00
2024-07-09,115.300,114.700,115.900,112.500,32986108.00
2024-07-10,116.200,114.900,118.900,114.600,30789640.00
2024-07-11,115.800,116.100,117.700,114.800,25270801.00
2024-07-12,119.100,121.800,122.300,118.000,42746740.00
2024-07-15,119.900,119.100,121.600,118.700,20533862.00
2024-07-16,117.600,117.500,118.800,116.600,18714084.00
2024-07-17,117.500,119.100,120.500,116.000,23222975.00
2024-07-18,117.100,119.400,120.400,116.800,22116025.00
2024-07-19,118.100,117.500,119.300,117.100,29688510.00
2024-07-22,118.900,121.300,121.900,118.500,30662005.00
2024-07-23,121.100,118.100,121.400,117.200,28762101.00
2024-07-24,118.100,113.300,118.300,111.500,42947253.00
2024-07-25,110.600,107.100,111.600,106.200,52401441.00
2024-07-26,108.500,107.600,108.700,105.100,27148879.00
2024-07-29,109.300,108.400,110.500,107.700,17136896.00
2024-07-30,108.600,106.400,108.600,105.800,17955125.00
2024-07-31,106.700,109.300,110.300,106.000,21711841.00
2024-08-01,108.100,109.200,111.200,108.100,15275269.00
2024-08-02,107.800,104.000,107.800,100.700,40365144.00
2024-08-05,102.800,106.800,107.600,101.400,41740738.00
2024-08-06,109.100,105.600,109.900,105.600,24808382.00
2024-08-07,106.200,106.000,108.300,105.100,20383337.00
2024-08-08,104.500,104.600,107.200,102.800,25310352.00
2024-08-09,106.200,106.200,108.500,105.600,19633016.00
2024-08-12,105.900,104.000,106.700,101.900,22028432.00
2024-08-13,104.000,103.400,105.300,101.300,24773088.00
2024-08-14,104.600,102.100,104.600,101.300,14885295.00
2024-08-15,101.900,102.400,104.400,100.100,23016192.00
2024-08-16,104.000,107.700,108.300,103.800,37261404.00
2024-08-19,109.800,108.700,110.400,108.200,17188364.00
2024-08-20,110.000,108.100,110.200,107.500,14669733.00
2024-08-21,105.500,107.700,108.800,105.200,15349800.00
2024-08-22,109.100,109.000,109.300,105.300,18083963.00
2024-08-23,107.200,107.500,107.900,106.300,16679813.00
2024-08-26,108.500,109.000,111.000,108.000,18754675.00
2024-08-27,106.000,106.200,107.000,103.000,42738256.00
2024-08-28,104.800,102.800,105.500,101.600,43855211.00
2024-08-29,110.000,115.700,116.500,108.200,88880692.00
2024-08-30,116.900,118.200,121.900,116.000,74886388.00
2024-09-02,118.500,116.300,119.300,115.800,27217094.00
2024-09-03,116.700,118.900,119.400,116.400,19616696.00
2024-09-04,118.900,119.200,120.400,117.000,27521023.00
2024-09-05,119.200,119.300,120.900,117.800,24972705.00
2024-09-09,118.300,118.600,120.200,117.200,38187905.00
2024-09-10,119.400,118.900,119.800,116.900,21838708.00
2024-09-11,116.700,119.400,119.900,116.700,23022020.00
2024-09-12,120.900,122.300,124.900,119.900,41248772.00
2024-09-13,123.600,123.000,126.000,122.600,28574247.00
2024-09-16,123.200,126.500,127.000,122.200,21336151.00
2024-09-17,126.700,128.600,128.900,126.200,17621881.00
2024-09-19,128.800,133.800,134.700,127.700,53919649.00
2024-09-20,135.600,135.900,138.100,133.800,60241060.00
2024-09-23,135.800,132.800,138.300,131.300,37934059.00
2024-09-24,136.800,139.800,139.900,134.900,58311925.00
2024-09-25,147.200,141.300,148.000,139.700,75294115.00
2024-09-26,143.800,152.200,153.300,142.600,84240850.00
2024-09-27,160.000,164.600,170.000,159.600,127235353.00
2024-09-30,176.400,172.000,178.000,167.600,102848272.00
2024-10-02,178.000,197.200,201.400,178.000,111032616.00
2024-10-03,198.000,205.000,209.800,189.000,78089168.00
2024-10-04,199.900,213.400,213.800,197.300,72028503.00
2024-10-07,212.000,213.200,217.000,206.200,50709476.00
2024-10-08,204.800,180.200,207.600,177.700,129061135.00
2024-10-09,189.400,184.400,198.400,175.300,108218713.00
2024-10-10,193.200,193.700,200.000,189.700,68711009.00
2024-10-14,189.900,183.600,190.800,177.800,62345605.00
2024-10-15,182.800,170.800,185.400,168.400,69635778.00
2024-10-16,170.000,173.200,177.600,167.100,48202224.00
2024-10-17,176.700,170.200,180.300,168.400,37092810.00
2024-10-18,170.100,185.400,187.800,170.000,55680008.00
2024-10-21,182.300,181.200,187.300,179.100,32248970.00
2024-10-22,181.200,184.800,188.600,180.500,25949808.00
2024-10-23,187.300,194.900,197.500,186.200,45149007.00
2024-10-24,190.600,187.000,194.200,186.500,29157453.00
2024-10-25,186.500,184.900,189.800,182.600,24837829.00
2024-10-28,185.900,185.200,189.000,183.700,19619475.00
2024-10-29,189.200,189.300,192.900,186.900,32660150.00
2024-10-30,186.500,184.700,190.200,182.600,25149030.00
2024-10-31,185.400,182.500,186.400,182.300,18630573.00
2024-11-01,186.400,187.600,190.400,184.600,21507197.00
2024-11-04,188.000,187.700,190.400,185.000,14033434.00
2024-11-05,184.400,193.800,193.900,184.400,28395939.00
2024-11-06,191.000,189.300,193.000,183.300,38093891.00
2024-11-07,188.000,199.900,200.400,186.100,42255252.00
2024-11-08,203.000,191.800,205.400,190.400,39449252.00
2024-11-11,185.000,185.600,187.100,181.300,39159080.00
2024-11-12,182.800,175.700,184.800,171.800,60520914.00
2024-11-13,173.000,175.400,175.600,168.600,36152267.00
2024-11-14,171.000,169.300,177.800,168.100,33412299.00
2024-11-15,171.000,169.600,174.000,166.600,26486305.00
2024-11-18,171.000,169.000,173.000,166.700,28205598.00
2024-11-19,169.100,171.900,172.600,167.200,26059344.00
2024-11-20,171.900,174.800,176.000,170.900,23492659.00
2024-11-21,174.800,172.700,175.900,172.100,14104129.00
2024-11-22,172.500,167.100,174.400,165.100,25731303.00
2024-11-25,165.900,162.000,168.200,158.200,54935851.00
2024-11-26,161.000,164.300,168.600,160.200,25797668.00
2024-11-27,165.800,176.200,176.800,163.700,41736756.00
2024-11-28,176.900,172.200,176.900,170.700,24252235.00
2024-11-29,171.100,168.700,177.000,165.200,40356999.00
2024-12-02,160.000,167.400,169.200,159.900,66398327.00
2024-12-03,167.200,165.500,167.300,160.700,41771143.00
2024-12-04,166.300,165.200,170.600,164.800,32453687.00
2024-12-05,162.800,159.200,163.300,157.000,46562493.00
2024-12-06,160.800,162.400,163.700,156.900,63874792.00
2024-12-09,159.000,171.700,172.500,158.900,58871653.00
2024-12-10,182.000,171.800,182.900,171.000,70828812.00
2024-12-11,172.100,167.000,175.200,165.400,29501888.00
2024-12-12,169.000,168.900,173.000,163.200,39912261.00
2024-12-13,165.000,162.600,165.800,161.600,37180662.00
2024-12-16,161.600,159.600,162.700,158.200,27168729.00
2024-12-17,156.900,158.600,164.800,155.600,33855934.00
2024-12-18,164.800,160.100,164.800,159.200,18611465.00
2024-12-19,157.300,158.400,159.200,156.400,20597561.00
2024-12-20,158.000,158.600,161.200,157.300,34086217.00
2024-12-23,161.200,155.600,161.500,153.600,31530269.00
2024-12-24,156.800,155.100,157.300,153.100,20197571.00
2024-12-27,153.100,154.700,157.000,151.600,23550112.00
2024-12-30,155.900,152.800,156.600,151.400,25450241.00
2024-12-31,152.700,151.700,154.800,151.700,11665658.00
2025-01-02,151.700,150.600,154.300,148.400,28715165.00
2025-01-03,151.300,153.700,155.700,148.800,30511065.00
2025-01-06,153.800,150.700,153.800,148.400,27783624.00
2025-01-07,150.700,148.700,152.800,145.800,30932550.00
2025-01-08,148.900,146.700,149.100,143.900,25790556.00
2025-01-09,145.900,144.400,146.800,142.500,26551311.00
2025-01-10,146.100,140.100,146.400,139.000,30901748.00
2025-01-13,139.000,137.400,139.000,133.500,37818018.00
2025-01-14,138.800,144.300,146.700,138.100,58761811.00
2025-01-15,143.300,144.500,146.000,141.200,29515844.00
2025-01-16,146.700,147.600,150.500,144.500,37707184.00
2025-01-17,148.200,147.800,149.100,145.000,20474850.00
2025-01-20,151.000,155.500,158.800,150.600,62838210.00
2025-01-21,159.700,158.500,160.400,155.000,41021524.00
2025-01-22,157.500,152.500,157.500,151.300,39709233.00
2025-01-23,153.700,151.100,155.700,150.000,25525543.00
2025-01-24,153.300,150.000,153.700,149.000,39355209.00
2025-01-27,151.800,149.700,155.300,149.300,37485511.00
2025-01-28,151.800,148.200,152.400,146.800,16691789.00
2025-02-03,148.200,142.300,148.200,140.000,42691211.00
2025-02-04,144.900,150.800,151.900,144.200,52094377.00
2025-02-05,154.000,150.900,154.200,146.800,48027206.00
2025-02-06,152.800,150.100,152.900,146.800,35817495.00
2025-02-07,148.000,154.100,155.800,146.000,49976855.00
2025-02-10,155.000,162.700,163.300,154.500,65305089.00
2025-02-11,166.200,161.800,167.600,161.300,56360376.00
2025-02-12,162.600,155.200,162.700,150.200,114470084.00
2025-02-13,155.200,159.700,167.500,155.200,94924956.00
2025-02-14,162.000,169.900,170.000,161.900,75772482.00
2025-02-17,174.200,168.900,179.300,166.100,85909353.00
2025-02-18,170.200,172.900,177.000,167.000,66733331.00
2025-02-19,169.600,167.700,171.800,166.000,46995938.00
2025-02-20,158.000,156.900,160.200,156.100,90728227.00
2025-02-21,158.800,162.900,163.200,155.300,85995656.00
2025-02-24,164.700,166.500,168.900,160.000,62554358.00
2025-02-25,160.000,158.600,163.300,157.200,52752020.00
2025-02-26,161.100,174.200,177.000,160.000,100972406.00
2025-02-27,175.100,172.800,176.000,167.800,62385994.00
2025-02-28,169.800,162.000,170.500,160.300,64070709.00
2025-03-03,162.800,162.600,166.100,160.800,36975379.00
2025-03-04,158.900,161.200,163.100,158.000,23331992.00
2025-03-05,165.100,171.500,172.700,163.500,48079120.00
2025-03-06,174.700,180.300,181.500,174.200,68514831.00
2025-03-07,180.300,183.500,189.600,177.000,75915127.00
2025-03-10,183.500,174.900,184.000,173.000,50030702.00
2025-03-11,170.000,171.600,173.300,167.700,47328733.00
2025-03-12,174.200,168.300,175.600,165.100,39260107.00
2025-03-13,168.300,164.500,168.900,161.400,38849089.00
2025-03-14,168.400,173.400,175.500,165.400,44151948.00
2025-03-17,177.800,175.100,178.900,174.200,37555448.00
2025-03-18,181.500,177.300,181.800,174.700,41082229.00
2025-03-19,176.600,175.900,176.600,172.400,38845173.00
2025-03-20,175.900,168.100,175.900,167.700,44029819.00
2025-03-21,168.900,167.600,172.400,165.600,49899045.00
2025-03-24,163.000,165.700,166.200,158.800,61238376.00
2025-03-25,162.900,158.500,163.000,158.100,43845502.00
2025-03-26,159.000,159.900,161.200,156.700,26504416.00
2025-03-27,162.200,162.800,165.800,159.600,25666765.00
2025-03-28,163.100,160.100,165.500,159.000,23655795.00
2025-03-31,156.200,155.800,160.100,154.100,35770136.00
2025-04-01,157.700,157.900,160.300,156.900,22898803.00
2025-04-02,157.000,157.800,160.300,155.500,18784941.00
2025-04-03,152.400,157.900,160.800,152.400,32917192.00
2025-04-07,145.100,134.300,148.900,132.700,98058866.00
2025-04-08,135.800,140.600,144.500,135.800,80514588.00
2025-04-09,135.000,146.400,149.400,133.300,70467850.00
2025-04-10,148.300,145.400,152.300,144.000,72400269.00
2025-04-11,144.900,143.500,146.200,141.000,51245697.00
2025-04-14,146.600,145.900,147.100,143.100,33857822.00
2025-04-15,146.500,146.800,147.300,143.900,24286799.00
2025-04-16,143.100,134.900,144.500,133.500,78561767.00
2025-04-17,133.200,136.500,136.500,129.600,56895776.00
2025-04-22,131.100,130.200,131.500,125.600,110254462.00
2025-04-23,133.000,133.900,134.700,130.700,54953599.00
2025-04-24,132.000,127.000,132.600,125.800,75864030.00
2025-04-25,125.600,127.600,130.700,125.600,56566102.00
2025-04-28,127.600,128.400,129.800,125.000,55141223.00
2025-04-29,129.500,132.100,134.800,128.200,55426571.00
2025-04-30,132.100,130.300,134.600,128.300,47460144.00
2025-05-02,129.600,132.500,133.100,128.800,28920212.00
2025-05-06,133.200,138.500,141.000,131.200,87006642.00
2025-05-07,144.000,139.000,145.000,138.500,58771688.00
2025-05-08,139.000,141.400,144.300,138.700,39204516.00
2025-05-09,143.000,141.000,143.300,139.200,26978060.00
2025-05-12,145.000,144.500,145.900,139.000,66601665.00
2025-05-13,144.400,137.400,144.400,137.000,54387262.00
2025-05-14,139.400,139.400,141.600,137.700,47614723.00
2025-05-15,138.000,135.400,138.400,134.800,44033746.00
2025-05-16,132.600,131.400,134.100,130.300,60689121.00
2025-05-19,129.100,134.400,136.200,127.800,52631525.00
2025-05-20,132.900,136.400,137.400,132.900,35438230.00
2025-05-21,136.400,137.300,138.600,135.200,32045978.00
2025-05-22,136.500,136.000,138.400,135.100,30893775.00
2025-05-23,136.000,136.900,139.500,136.000,37290455.00
2025-05-26,136.200,129.400,136.500,128.200,95490174.00
2025-05-27,123.000,132.100,132.400,122.300,92728255.00
2025-05-28,131.000,131.400,132.000,129.600,44849657.00
2025-05-29,131.000,140.100,140.900,129.900,110427776.00
2025-05-30,137.400,138.000,140.100,135.800,67729328.00
2025-06-02,136.300,135.700,136.400,131.100,29861371.00
2025-06-03,135.700,136.600,138.100,134.800,31827489.00
2025-06-04,134.700,140.700,142.800,134.700,60551727.00
2025-06-05,141.400,144.400,147.600,141.400,56000955.00
2025-06-06,145.700,141.700,146.300,141.000,41913440.00
2025-06-09,145.000,148.400,149.800,144.700,59982755.00
2025-06-10,148.000,144.400,148.200,143.100,55184136.00
2025-06-11,144.400,143.800,145.500,143.200,41562132.00
2025-06-12,141.000,141.000,144.800,140.200,41489094.00
2025-06-13,139.300,138.200,140.600,136.000,57660518.00
2025-06-16,136.300,138.800,139.500,134.800,43857495.00
2025-06-17,139.300,138.100,141.400,137.100,25920440.00
2025-06-18,137.000,133.300,137.100,132.700,45725864.00
2025-06-19,132.300,128.300,132.500,127.500,61441168.00
2025-06-20,128.000,128.600,129.700,127.600,45495479.00
2025-06-23,126.300,131.400,132.900,126.000,58256443.00
2025-06-24,133.000,130.000,134.400,127.800,67005171.00
2025-06-25,130.400,131.800,133.000,129.900,51771073.00
2025-06-26,130.100,130.000,131.200,128.600,36118238.00
2025-06-27,129.600,129.400,131.200,128.500,44855347.00
2025-06-30,128.600,125.300,128.900,125.300,71889200.00
2025-07-02,127.200,126.000,127.800,124.000,49628850.00
2025-07-03,124.900,122.800,125.500,122.400,67794577.00
2025-07-04,121.300,120.800,123.200,119.500,61959326.00
2025-07-07,119.400,119.000,119.400,115.800,83139176.00
2025-07-08,117.600,122.200,122.500,116.800,61606923.00
2025-07-09,121.500,119.200,122.100,118.800,49539878.00
2025-07-10,118.000,118.600,120.500,117.500,46874068.00
2025-07-11,118.500,120.000,122.900,117.200,59292989.00
2025-07-14,119.800,120.900,121.600,118.300,37669963.00
2025-07-15,121.000,126.200,126.500,120.800,89410007.00
2025-07-16,127.800,124.100,129.600,123.800,68803291.00
2025-07-17,125.400,125.500,127.400,125.000,40731440.00
2025-07-18,127.800,127.300,129.100,126.700,40295446.00
2025-07-21,133.000,130.800,133.700,130.100,83230227.00
2025-07-22,130.900,129.000,131.500,127.200,56136421.00
2025-07-23,131.000,133.200,134.200,128.200,72661334.00
2025-07-24,133.000,134.400,136.100,132.000,56625778.00
2025-07-25,134.400,130.100,135.400,129.700,50780870.00
2025-07-28,130.700,129.400,131.300,129.000,35482986.00
2025-07-29,129.100,128.600,129.200,126.200,42962406.00
2025-07-30,127.000,127.400,130.600,125.800,46172472.00
2025-07-31,123.500,121.600,123.600,120.500,96061772.00
2025-08-01,121.100,122.200,125.900,121.100,55437231.00
2025-08-04,122.200,123.000,123.200,119.900,34769687.00
2025-08-05,122.600,122.900,123.200,121.000,30068857.00
2025-08-06,122.800,121.100,122.800,120.300,45089472.00
2025-08-07,121.800,122.000,122.700,120.900,29091754.00
2025-08-08,121.000,120.800,122.200,120.500,21911956.00
2025-08-11,121.100,119.200,121.300,118.600,39684143.00
2025-08-12,118.400,119.400,119.900,117.800,32006831.00
2025-08-13,121.000,124.300,124.900,120.500,54998562.00
2025-08-14,126.200,124.400,127.000,123.700,44651247.00
2025-08-15,121.900,121.700,122.100,119.600,62448840.00
2025-08-18,121.700,121.500,124.300,120.900,39442216.00
2025-08-19,121.600,120.800,121.800,120.400,31105236.00
2025-08-20,120.000,120.800,121.300,119.700,25371797.00
2025-08-21,121.000,117.100,121.000,116.200,70414468.00
2025-08-22,117.100,118.400,118.600,116.000,55624919.00
2025-08-25,119.100,122.300,122.900,118.800,82491028.00
2025-08-26,122.000,120.000,122.000,120.000,46013154.00
2025-08-27,120.000,116.300,120.300,116.100,80540435.00
2025-08-28,105.000,101.700,108.300,101.000,309557433.00
2025-08-29,102.400,102.700,103.400,100.200,113304631.00
2025-09-01,101.500,103.000,104.800,98.000,132661260.00
2025-09-02,101.700,101.100,102.800,99.800,73829916.00
2025-09-03,101.000,100.500,102.000,99.800,64088481.00
2025-09-04,100.800,101.400,101.900,100.200,63068026.00
2025-09-05,101.300,103.000,104.200,101.000,101979886.00
2025-09-08,102.500,102.000,103.800,100.800,96814388.00
2025-09-09,102.000,99.650,102.000,97.100,148686738.00
2025-09-10,98.450,101.700,103.400,98.450,94064361.00
2025-09-11,100.200,96.550,101.000,96.400,138996794.00
2025-09-12,97.000,96.550,98.050,95.350,108406343.00
2025-09-15,95.700,97.350,97.850,95.350,62754919.00
2025-09-16,98.000,100.300,101.800,97.550,95908509.00
2025-09-17,101.100,105.200,106.700,101.000,139083488.00
2025-09-18,104.900,105.500,109.700,104.000,124934835.00
2025-09-19,105.600,106.300,107.600,104.300,64899879.00
2025-09-22,105.200,103.900,105.500,102.300,70033614.00
2025-09-23,103.800,101.000,104.000,100.300,58944762.00
2025-09-24,100.300,102.200,104.100,100.300,60736788.00
2025-09-25,101.600,102.300,103.000,100.700,45966392.00
2025-09-26,101.000,100.600,102.000,100.300,40317300.00
2025-09-29,101.000,102.800,103.800,101.000,58610731.00
2025-09-30,102.400,104.500,105.300,101.900,71076759.00
2025-10-02,104.200,105.800,107.500,104.100,62226576.00
2025-10-03,105.800,106.100,106.600,105.100,33287609.00
2025-10-06,106.100,105.600,107.800,104.900,30205074.00
2025-10-08,105.000,103.700,105.200,102.500,37052377.00
2025-10-09,104.800,103.600,105.800,102.500,48363814.00
2025-10-10,102.500,101.700,103.700,101.200,47852870.00
2025-10-13,98.550,99.800,101.000,97.200,85317769.00
2025-10-14,100.100,98.300,101.200,97.850,56742746.00
2025-10-15,99.800,99.900,100.300,98.950,39259817.00
2025-10-16,99.050,98.750,100.100,97.900,33048302.00
2025-10-17,98.550,94.500,98.600,94.050,72221262.00
2025-10-20,97.500,96.650,97.500,96.050,39887843.00
2025-10-21,97.500,96.500,98.900,96.400,39365037.00
2025-10-22,96.000,96.100,97.150,95.400,31999681.00
2025-10-23,95.250,100.000,102.700,95.250,106954704.00
2025-10-24,101.300,100.600,101.900,98.400,53974824.00
2025-10-27,101.500,102.000,103.600,101.000,56223912.00
2025-10-28,102.000,100.000,102.500,99.750,38000867.00
2025-10-30,101.200,102.400,105.300,99.150,100543878.00
2025-10-31,102.600,102.000,104.600,102.000,39102336.00
2025-11-03,102.900,102.300,103.800,101.400,31041608.00
2025-11-04,101.800,99.900,102.200,99.200,44273602.00
2025-11-05,98.600,101.200,102.000,98.300,42049675.00
2025-11-06,102.100,103.300,103.600,101.500,42887298.00
2025-11-07,101.900,102.000,102.200,100.800,29757750.00
2025-11-10,102.000,103.300,103.600,101.200,30303643.00
2025-11-11,103.300,102.000,104.400,100.600,41269159.00
2025-11-12,102.000,101.800,102.400,100.800,24968884.00
2025-11-13,101.000,102.100,103.000,99.500,33815896.00
2025-11-14,100.600,100.000,101.600,99.500,35419273.00
2025-11-17,99.500,100.300,102.500,99.500,28915570.00
2025-11-18,99.350,98.600,100.100,98.050,33786187.00
2025-11-19,98.650,98.000,99.650,97.700,25108369.00
2025-11-20,98.950,98.500,99.400,97.200,24966349.00
2025-11-21,97.000,95.550,97.250,95.150,46164332.00
2025-11-24,96.050,98.150,98.600,95.650,38950345.00
2025-11-25,99.200,98.250,99.600,97.450,29485452.00
2025-11-26,102.400,103.800,105.200,102.100,128129815.00
2025-11-27,103.600,104.000,104.800,101.900,58022656.00
2025-11-28,104.500,102.500,104.800,102.300,43785936.00
2025-12-01,100.100,99.550,103.400,98.600,86464495.00
2025-12-02,99.500,96.500,99.700,95.700,80744936.00
2025-12-03,96.500,95.900,97.400,95.400,39051180.00
2025-12-04,96.800,98.100,98.800,96.250,49912883.00
2025-12-05,97.600,99.050,99.750,96.650,44529788.00
2025-12-08,98.400,99.500,101.200,98.400,31145522.00
2025-12-09,99.500,97.350,99.700,97.200,36058225.00
2025-12-10,98.400,100.000,100.500,97.650,51497713.00
2025-12-11,100.200,101.500,102.000,99.800,41406607.00
2025-12-12,102.000,102.400,104.000,101.400,85213513.00
2025-12-15,101.600,100.900,102.800,100.500,38535431.00
2025-12-16,100.200,99.500,101.300,98.650,32115324.00
2025-12-17,99.600,101.300,103.000,98.900,38155110.00
2025-12-18,100.700,101.400,102.100,100.200,22759882.00
2025-12-19,102.200,102.700,104.500,101.700,50727640.00
2025-12-22,104.200,102.800,105.200,102.400,31556484.00
2025-12-23,103.700,103.200,104.000,102.500,21108052.00
2025-12-24,102.800,103.200,104.200,102.700,12043868.00
2025-12-29,104.000,104.200,106.700,103.800,56811243.00
2025-12-30,104.000,104.300,105.100,103.700,32946951.00
2025-12-31,103.700,103.300,104.300,102.500,21806552.00
2026-01-02,103.300,104.600,105.800,102.200,24476486.00
2026-01-05,104.200,105.400,106.200,103.700,40887247.00
2026-01-06,106.200,106.100,108.000,105.700,47681423.00
2026-01-07,106.100,104.500,106.100,103.500,43863326.00
2026-01-08,103.700,101.000,103.900,99.650,71725824.00
2026-01-09,100.000,98.500,100.600,98.200,71605201.00
2026-01-12,101.300,105.000,106.400,100.800,108743770.00
2026-01-13,106.500,104.900,107.000,103.900,52013088.00
2026-01-14,104.900,101.500,104.900,100.400,80092305.00
2026-01-15,102.000,100.800,102.300,100.200,39093176.00
2026-01-16,101.900,100.000,102.500,99.350,37523001.00
2026-01-19,98.800,98.500,99.900,98.300,37288820.00
2026-01-20,98.300,97.350,99.450,97.050,45401371.00
2026-01-21,97.000,97.300,98.000,96.300,38515912.00
2026-01-22,97.350,97.000,98.100,96.200,34480371.00
2026-01-23,97.300,97.550,98.800,97.000,37200891.00
2026-01-26,97.950,97.100,97.950,96.200,31250095.00
2026-01-27,97.100,96.550,97.550,96.200,27407450.00
2026-01-28,97.000,98.350,98.400,96.100,39950423.00
2026-01-29,97.300,98.600,98.900,97.050,27680308.00
2026-01-30,98.050,97.200,98.950,97.200,28956959.00
2026-02-02,96.500,94.850,96.950,94.050,54620063.00
2026-02-03,95.100,93.200,95.650,91.150,50436330.00
2026-02-04,91.500,92.150,92.650,90.700,53329150.00
2026-02-05,90.200,93.800,93.950,90.200,39784843.00
2026-02-06,92.550,91.400,94.500,91.150,39226920.00
2026-02-09,93.000,91.050,93.200,90.400,42466515.00
2026-02-10,91.050,88.800,91.700,88.100,74372071.00
2026-02-11,88.400,88.850,89.400,87.250,37829736.00
2026-02-12,86.650,84.850,87.800,84.300,90415198.00
2026-02-13,84.050,82.150,84.250,80.800,99656113.00
2026-02-16,81.650,82.050,82.400,79.250,23648794.00
2026-02-20,81.150,80.750,82.000,80.100,27220396.00
2026-02-23,83.200,85.000,87.500,82.650,65205703.00
2026-02-24,84.200,81.400,84.200,80.650,67807380.00
2026-02-25,82.400,82.700,83.600,81.500,39932923.00
2026-02-26,82.700,80.450,83.200,80.350,40036885.00
2026-02-27,81.000,81.150,82.450,80.450,42462533.00
2026-03-02,79.600,77.400,80.200,77.100,57081668.00
2026-03-03,77.250,75.650,78.150,75.350,64441703.00
2026-03-04,74.650,75.400,75.650,73.600,62511701.00
2026-03-05,76.650,74.500,76.650,73.850,44459291.00
2026-03-06,74.500,76.850,77.950,73.650,81436279.00
2026-03-09,74.400,78.700,79.000,74.000,67180598.00
2026-03-10,80.000,79.100,80.550,77.550,46241432.00
2026-03-11,79.150,77.400,79.600,76.650,39917143.00
2026-03-12,76.500,76.700,77.200,75.400,37947010.00
2026-03-13,76.000,75.950,77.400,75.850,18836697.00
2026-03-16,76.900,78.300,79.000,76.500,38287519.00
2026-03-17,78.450,80.000,82.200,78.400,52313278.00
2026-03-18,80.550,80.300,81.400,79.600,26863720.00
2026-03-19,78.700,80.700,81.550,78.500,50616607.00
2026-03-20,81.550,79.150,82.650,78.150,64632837.00
2026-03-23,77.800,76.550,78.500,75.850,54303511.00
2026-03-24,76.750,79.000,79.200,76.750,44636705.00
2026-03-25,79.950,90.000,91.550,78.550,252756064.00
2026-03-26,90.000,86.700,90.650,85.500,121140962.00
2026-03-27,86.150,85.900,90.700,84.700,99424658.00
2026-03-30,83.700,84.200,86.600,82.700,60221748.00
2026-03-31,83.800,82.950,84.800,82.500,41291471.00
2026-04-01,85.000,81.950,85.600,80.950,57818900.00
2026-04-02,81.300,80.250,81.500,78.700,47181021.00
2026-04-08,82.550,88.500,89.900,82.500,106097187.00
2026-04-09,87.250,88.000,89.700,86.900,34932772.00
2026-04-10,88.250,87.600,90.850,87.300,31529595.00
2026-04-13,86.700,86.450,87.100,85.300,23659777.00
2026-04-14,87.400,85.100,87.900,83.750,36646937.00
2026-04-15,86.050,86.300,88.200,85.300,37510423.00
2026-04-16,86.850,88.750,89.450,86.000,44399802.00
2026-04-17,87.500,86.500,87.900,84.600,46743644.00
2026-04-20,85.850,85.150,85.950,84.350,36368973.00
2026-04-21,85.800,86.450,87.200,84.650,24682917.00
2026-04-22,85.200,84.250,85.300,83.800,31118161.00
2026-04-23,84.000,83.100,84.200,82.350,27552166.00
2026-04-24,83.000,82.450,83.500,81.700,36155043.00
2026-04-27,82.450,81.850,82.450,80.400,39390929.00
2026-04-28,80.850,80.300,81.650,80.200,33674973.00
2026-04-29,81.450,83.150,84.150,80.650,45687332.00
2026-04-30,81.900,83.250,84.500,81.250,45918845.00
2026-05-04,84.000,84.450,86.800,83.650,16917991.00
2026-05-05,83.600,83.550,83.950,82.200,10874630.00
2026-05-06,83.950,82.500,84.550,82.150,38773772.00
2026-05-07,84.500,84.250,85.300,83.800,41734088.00
2026-05-08,83.600,84.050,84.700,83.200,24167472.00
2026-05-11,83.100,84.350,84.800,82.400,29716251.00
2026-05-12,83.900,84.150,85.650,83.750,25067034.00
2026-05-13,84.700,87.600,88.950,84.200,63062497.00
2026-05-14,91.050,85.700,91.350,85.600,56592595.00
2026-05-15,84.500,82.700,85.500,82.250,41139543.00
2026-05-18,82.200,82.150,82.700,81.050,41351975.00
2026-05-19,81.550,83.050,84.000,81.250,30801678.00
2026-05-20,83.000,82.850,83.700,82.100,25163892.00
2026-05-21,84.200,82.100,86.850,82.100,45111086.00
2026-05-22,83.100,81.350,83.100,80.550,39784370.00
2026-05-26,79.950,78.800,80.500,77.000,67357066.00
2026-05-27,78.300,77.700,79.000,77.300,34078568.00
2026-05-28,77.200,73.300,77.300,72.250,94713412.00
2026-05-29,73.600,73.450,76.100,72.350,81724196.00
2026-06-01,75.200,78.250,79.350,74.400,72625452.00
2026-06-02,79.300,85.500,85.750,79.000,136662320.00
2026-06-03,85.700,80.400,85.750,79.650,83942077.00
2026-06-04,79.700,78.600,80.000,77.900,43047835.00
2026-06-05,79.000,79.950,80.300,77.700,57489919.00
2026-06-08,77.300,76.250,77.750,75.100,63060620.00
2026-06-09,76.250,77.200,78.300,75.500,34253879.00
2026-06-10,77.100,79.000,80.450,76.450,56328337.00
2026-06-11,78.800,78.100,80.100,77.100,34922354.00
2026-06-12,78.100,77.900,78.400,75.700,47407244.00
2026-06-15,79.500,78.250,79.650,77.100,24420087.00
2026-06-16,76.950,75.300,77.550,74.850,40104507.00
2026-06-17,75.000,74.400,75.950,73.800,22507016.00
2026-06-18,75.100,71.800,76.250,71.100,68421090.00
2026-06-22,72.200,72.000,73.200,69.500,57148117.00
2026-06-23,72.700,69.600,72.700,69.200,33267703.00
2026-06-24,69.300,67.750,70.000,67.200,53080662.00
2026-06-25,67.350,66.100,67.350,64.750,63246385.00
2026-06-26,65.750,64.250,68.350,63.650,84453570.00
2026-06-29,66.500,67.650,69.450,66.150,79469292.00
2026-06-30,68.500,68.500,69.450,67.200,65133829.00
2026-07-02,69.850,70.850,73.650,69.450,68122830.00
2026-07-03,71.350,71.600,72.650,70.400,33741448.00
2026-07-06,71.500,74.950,74.950,70.200,50530384.00
2026-07-07,75.450,78.350,81.650,75.100,117135979.00
2026-07-08,77.850,80.900,81.250,77.850,72737280.00
2026-07-09,80.750,78.500,81.700,78.200,55805531.00
2026-07-10,78.500,78.700,79.850,76.500,38059821.00
2026-07-13,78.050,77.950,80.000,76.650,40167927.00
2026-07-14,77.900,79.200,79.900,76.650,49973353.00
2026-07-15,78.950,83.400,84.450,77.000,88085818.00
2026-07-16,84.450,87.200,88.950,84.300,100388858.00
2026-07-17,87.200,83.650,87.750,81.600,79212029.00
2026-07-20,85.700,86.300,87.650,84.350,63809984.00
2026-07-21,84.900,85.200,86.700,84.500,33366001.00
2026-07-22,83.500,83.650,84.150,81.850,40530626.00
2026-07-23,83.800,87.300,88.800,82.600,63249932.00
2026-07-24,85.150,86.700,87.350,84.900,32833485.00
2026-07-27,87.250,89.300,91.950,86.750,65382089.00
2026-07-28,90.800,90.300,92.200,89.350,63694323.00
2026-07-29,91.450,92.300,94.000,90.900,81344260.00
2026-07-30,94.200,92.650,94.500,91.050,50353885.00
2026-07-31,90.000,92.500,93.600,88.700,50464900.00
